ID,Registration_Duration,Revenue,Cost,Renewal
10001,29,46,8.33316,TRUE
10002,58,105,18.24564,TRUE
10003,36,55,3.13296,TRUE
10004,32,28,9.96705,TRUE
10005,26,32,7.1904,FALSE
10006,37,40,4.43194,FALSE
10007,27,40,4.83854,FALSE
10008,26,32,4.6224,TRUE
10009,59,172,10.1115,TRUE
10010,22,24,0.95979,TRUE
10011,56,87,17.976,TRUE
10012,32,41,4.42338,FALSE
10013,40,130,25.34188,TRUE
10014,19,37,1.46055,TRUE
10015,48,37,5.83471,TRUE
10016,19,16,1.1877,FALSE
10017,19,59,9.40744,FALSE
10018,20,33,0.5136,FALSE
10019,20,27,1.61356,FALSE
10020,51,114,11.36875,TRUE
10021,22,42,3.2528,FALSE
10022,26,39,3.28597,TRUE
10023,43,39,2.80661,TRUE
10024,36,94,14.65793,FALSE
10025,37,51,2.03728,TRUE
10026,24,124,8.08064,TRUE
10027,41,53,9.55724,FALSE
10028,39,68,3.4775,TRUE
10029,43,42,5.75874,TRUE
10030,24,44,3.01098,TRUE
10031,19,20,1.05716,FALSE
10032,20,22,0.5136,FALSE
10033,37,21,2.60866,FALSE
10034,38,69,4.22864,FALSE
10035,30,47,1.4445,TRUE
10036,25,43,3.68508,TRUE
10037,41,44,5.23872,TRUE
10038,41,272,19.95336,TRUE
10039,36,42,5.21732,TRUE
10040,22,18,3.20144,FALSE
10041,50,136,15.8895,TRUE
10042,30,37,1.23585,FALSE
10043,23,25,1.33536,FALSE
10044,53,64,5.0932,TRUE
10045,48,61,4.37309,TRUE
10046,33,26,1.819,TRUE
10047,27,24,1.69809,TRUE
10048,24,29,5.75232,FALSE
10049,26,20,5.81438,FALSE
10050,47,139,7.36695,TRUE
10051,26,37,3.63265,FALSE
10052,23,33,7.56276,FALSE
10053,40,37,9.8868,TRUE
10054,38,45,5.08571,TRUE
10055,47,33,3.77496,TRUE
10056,32,19,0.5778,FALSE
10057,54,131,5.23872,TRUE
10058,36,46,2.63648,TRUE
10059,35,55,5.06324,FALSE
10060,27,22,1.84254,TRUE
10061,26,27,3.31058,FALSE
10062,20,45,9.75412,FALSE
10063,37,43,2.61508,TRUE
10064,38,28,2.68677,FALSE
10065,21,22,2.29194,TRUE
10066,37,27,0.6955,TRUE
10067,35,36,0.5136,TRUE
10068,40,39,0.7918,TRUE
10069,36,33,2.54232,FALSE
10070,41,86,15.26676,TRUE
10071,19,13,1.05288,FALSE
10072,60,135,20.88533,TRUE
10073,39,36,2.8248,TRUE
10074,41,48,3.1993,TRUE
10075,28,28,3.03345,TRUE
10076,43,101,10.45176,TRUE
10077,26,26,6.28625,FALSE
10078,52,39,9.57008,FALSE
10079,63,55,11.9412,TRUE
10080,21,23,0.98868,FALSE
10081,38,55,3.9162,TRUE
10082,35,74,4.2693,TRUE
10083,37,26,1.30326,TRUE
10084,37,38,1.81044,TRUE
10085,42,111,8.74618,TRUE
10086,25,28,1.21338,TRUE
10087,36,45,13.94103,FALSE
10088,38,43,8.29143,TRUE
10089,20,19,2.90826,FALSE
10090,30,54,0.70941,TRUE
10091,40,54,5.30292,TRUE
10092,20,29,3.50532,TRUE
10093,41,30,1.14811,TRUE
10094,32,233,6.88866,TRUE
10095,65,170,18.40828,TRUE
10096,19,32,2.247,FALSE
10097,29,32,2.7285,TRUE
10098,25,28,2.889,TRUE
10099,35,47,5.82615,TRUE
10100,36,139,6.63828,TRUE
10101,42,37,1.09675,TRUE
10102,38,101,12.53184,TRUE
10103,41,59,19.8913,FALSE
10104,54,140,14.0063,TRUE
10105,37,84,11.0424,FALSE
10106,56,352,62.1135,TRUE
10107,30,40,1.8297,FALSE
10108,51,152,2.50166,TRUE
10109,25,41,8.97195,FALSE
10110,34,47,6.69285,FALSE
10111,26,30,1.83077,TRUE
10112,39,35,0.5136,TRUE
10113,28,29,7.0406,TRUE
10114,51,145,19.5168,TRUE
10115,33,64,22.45288,FALSE
10116,54,78,6.25736,TRUE
10117,59,169,8.35884,TRUE
10118,27,30,5.24407,FALSE
10119,28,71,18.11724,FALSE
10120,32,23,3.6487,FALSE
10121,39,87,1.23264,TRUE
10122,32,67,9.65568,TRUE
10123,19,20,2.8462,FALSE
10124,25,35,4.9434,TRUE
10125,33,29,1.3482,TRUE
10126,26,33,1.02827,TRUE
10127,25,50,0.61632,FALSE
10128,27,39,1.22729,TRUE
10129,35,57,9.36036,FALSE
10130,40,124,6.11184,TRUE
10131,19,17,1.0272,TRUE
10132,30,36,5.6389,FALSE
10133,22,28,4.76685,TRUE
10134,37,49,2.36898,TRUE
10135,36,216,20.11814,TRUE
10136,39,22,3.25815,TRUE
10137,25,38,5.08464,TRUE
10138,25,19,0.55854,TRUE
10139,19,26,0.77575,TRUE
10140,32,100,7.1155,TRUE
10141,38,47,6.3558,TRUE
10142,36,41,4.75722,TRUE
10143,57,84,5.51264,TRUE
10144,51,211,6.95072,TRUE
10145,37,62,20.59108,FALSE
10146,24,56,1.7013,FALSE
10147,26,34,4.99904,FALSE
10148,23,23,0.75328,TRUE
10149,53,104,7.80672,TRUE
10150,33,56,1.53117,TRUE
10151,43,36,3.7236,FALSE
10152,50,57,11.79675,TRUE
10153,41,63,5.9064,TRUE
10154,28,32,1.3803,TRUE
10155,32,63,13.8672,FALSE
10156,37,34,2.60224,TRUE
10157,32,32,2.9532,TRUE
10158,20,24,2.16568,TRUE
10159,40,103,17.3019,TRUE
10160,21,20,1.6264,TRUE
10161,39,55,7.04916,TRUE
10162,26,26,2.64825,TRUE
10163,37,33,3.92904,FALSE
10164,39,38,2.58084,TRUE
10165,23,18,0.67303,FALSE
10166,24,28,5.08464,FALSE
10167,41,55,6.3558,FALSE
10168,20,21,1.8832,TRUE
10169,27,24,3.34696,TRUE
10170,26,22,5.01081,FALSE
10171,45,46,6.11184,TRUE
10172,69,24,1.55792,TRUE
10173,29,17,0.89024,TRUE
10174,39,38,1.84896,TRUE
10175,37,26,1.73768,TRUE
10176,32,71,1.74624,TRUE
10177,41,82,11.6844,FALSE
10178,26,20,0.69122,TRUE
10179,27,20,1.56541,TRUE
10180,25,29,1.97736,TRUE
10181,55,38,8.26896,TRUE
10182,27,40,4.30996,TRUE
10183,19,46,4.33136,TRUE
10184,37,172,12.74049,TRUE
10185,45,58,4.17728,TRUE
10186,19,21,0.8346,TRUE
10187,19,25,1.6692,TRUE
10188,47,87,7.29312,FALSE
10189,34,32,3.0174,TRUE
10190,28,44,4.08954,FALSE
10191,24,60,10.85622,FALSE
10192,30,48,3.98682,TRUE
10193,66,373,17.9867,TRUE
10194,33,23,1.08284,TRUE
10195,20,29,2.72636,FALSE
10196,52,35,1.79439,TRUE
10197,19,20,0.5136,TRUE
10198,23,20,1.80937,TRUE
10199,22,32,1.3803,TRUE
10200,35,63,6.099,TRUE
10201,22,43,10.26558,FALSE
10202,38,57,7.61733,TRUE
10203,34,40,4.6759,TRUE
10204,35,110,15.0549,FALSE
10205,66,263,25.97532,TRUE
10206,55,74,7.71363,TRUE
10207,40,240,16.41701,TRUE
10208,42,41,10.6893,FALSE
10209,21,21,1.5408,FALSE
10210,20,25,4.00608,FALSE
10211,29,49,9.35394,FALSE
10212,25,22,1.48302,FALSE
10213,48,27,2.8248,TRUE
10214,37,65,5.43988,TRUE
10215,39,48,2.09827,TRUE
10216,34,35,2.86011,TRUE
10217,28,29,1.70772,TRUE
10218,19,23,0.5136,TRUE
10219,20,33,9.51979,FALSE
10220,19,38,2.38824,FALSE
10221,49,75,17.548,TRUE
10222,39,28,0.79608,TRUE
10223,45,59,8.7633,TRUE
10224,27,33,2.91896,TRUE
10225,37,60,3.6594,TRUE
10226,43,31,1.60072,TRUE
10227,33,20,3.23247,TRUE
10228,36,48,7.03204,TRUE
10229,51,187,61.49718,FALSE
10230,36,76,5.85504,TRUE
10231,19,19,2.44602,FALSE
10232,42,71,5.75874,TRUE
10233,33,47,1.49265,TRUE
10234,26,17,0.5136,TRUE
10235,72,452,43.60678,TRUE
10236,39,114,15.38125,TRUE
10237,27,43,9.69527,TRUE
10238,27,38,4.815,TRUE
10239,19,29,5.0932,FALSE
10240,32,26,1.9795,TRUE
10241,43,63,3.83916,TRUE
10242,19,37,4.6438,TRUE
10243,32,40,1.87036,TRUE
10244,22,26,1.79225,FALSE
10245,35,125,19.48149,FALSE
10246,38,29,1.46804,TRUE
10247,27,51,9.28011,FALSE
10248,21,22,0.5136,FALSE
10249,51,69,0.97584,TRUE
10250,38,118,16.1356,FALSE
10251,24,49,4.47581,TRUE
10252,34,90,7.26958,TRUE
10253,21,32,3.4026,FALSE
10254,20,22,2.6964,TRUE
10255,27,27,3.08802,FALSE
10256,20,21,0.5136,FALSE
10257,54,93,0.5136,TRUE
10258,22,14,1.15453,FALSE
10259,41,160,44.56336,FALSE
10260,19,13,0.5136,FALSE
10261,21,40,3.0495,TRUE
10262,35,24,1.03362,FALSE
10263,20,17,0.58208,FALSE
10264,30,55,9.34752,TRUE
10265,64,150,26.1294,TRUE
10266,40,85,8.9559,TRUE
10267,36,106,14.89761,TRUE
10268,22,24,1.82114,FALSE
10269,39,44,4.98192,TRUE
10270,28,29,1.25832,TRUE
10271,22,22,2.33688,TRUE
10272,30,47,6.78915,FALSE
10273,37,36,3.3812,TRUE
10274,29,32,2.247,TRUE
10275,44,39,3.17469,FALSE
10276,26,69,1.97736,TRUE
10277,37,56,4.6438,FALSE
10278,23,25,4.13448,TRUE
10279,43,39,5.42918,TRUE
10280,19,25,1.36104,TRUE
10281,29,53,4.601,TRUE
10282,37,34,2.29622,TRUE
10283,33,44,4.62882,FALSE
10284,20,22,3.21321,TRUE
10285,33,29,0.5992,TRUE
10286,19,22,4.89846,FALSE
10287,41,41,1.75266,TRUE
10288,21,18,1.32787,FALSE
10289,33,30,2.11004,TRUE
10290,24,43,2.41285,TRUE
10291,26,61,12.78436,TRUE
10292,30,49,1.45841,TRUE
10293,40,143,29.39504,FALSE
10294,41,43,0.5136,TRUE
10295,29,21,3.317,FALSE
10296,36,35,2.48026,TRUE
10297,42,51,1.37816,TRUE
10298,55,190,24.37567,TRUE
10299,45,165,9.34752,TRUE
10300,65,119,16.25972,TRUE
10301,21,21,0.5778,FALSE
10302,21,21,2.4182,FALSE
10303,19,30,1.73768,TRUE
10304,34,62,5.6817,TRUE
10305,38,20,3.20144,FALSE
10306,39,52,2.74455,TRUE
10307,28,45,4.601,TRUE
10308,24,69,1.90674,TRUE
10309,22,35,4.62561,FALSE
10310,45,82,13.3857,TRUE
10311,45,85,12.73728,TRUE
10312,20,29,2.90612,FALSE
10313,25,22,2.4717,FALSE
10314,24,32,4.1088,FALSE
10315,39,75,8.68626,TRUE
10316,29,23,1.27116,TRUE
10317,27,38,5.54688,FALSE
10318,36,30,4.37844,TRUE
10319,43,98,10.28484,TRUE
10320,20,23,3.95472,FALSE
10321,65,52,7.01385,TRUE
10322,65,133,19.68372,TRUE
10323,41,39,1.28828,TRUE
10324,21,30,5.2751,FALSE
10325,38,43,3.92262,TRUE
10326,35,42,5.6924,TRUE
10327,38,57,13.75164,TRUE
10328,21,29,3.11584,FALSE
10329,21,20,0.91485,TRUE
10330,21,21,2.889,TRUE
10331,36,71,8.65844,TRUE
10332,41,49,4.77755,TRUE
10333,38,35,1.46376,FALSE
10334,55,32,3.8948,TRUE
10335,32,64,1.89283,FALSE
10336,41,86,5.43988,TRUE
10337,27,26,2.889,TRUE
10338,56,98,8.43588,TRUE
10339,44,74,26.001,FALSE
10340,41,173,5.82615,TRUE
10341,46,213,24.03648,TRUE
10342,33,45,3.17469,TRUE
10343,41,260,15.301,TRUE
10344,40,152,18.94114,FALSE
10345,29,38,1.23264,TRUE
10346,38,43,4.86957,FALSE
10347,40,69,7.55634,FALSE
10348,55,98,25.65432,TRUE
10349,60,55,5.02579,FALSE
10350,25,33,3.44968,TRUE
10351,41,40,4.61384,TRUE
10352,43,30,5.43774,TRUE
10353,20,26,1.04325,FALSE
10354,29,27,6.56552,FALSE
10355,36,32,3.745,FALSE
10356,26,28,4.10238,TRUE
10357,58,51,12.16376,TRUE
10358,36,71,12.9363,TRUE
10359,39,95,1.7334,TRUE
10360,51,215,9.84828,TRUE
10361,35,107,31.43232,FALSE
10362,60,95,7.45576,TRUE
10363,19,29,2.96604,TRUE
10364,47,98,4.50684,TRUE
10365,42,35,3.33412,FALSE
10366,46,17,0.99617,TRUE
10367,36,47,4.38165,TRUE
10368,20,19,1.21338,TRUE
10369,47,73,7.704,TRUE
10370,25,30,7.32308,TRUE
10371,37,49,8.09669,FALSE
10372,30,53,8.0785,FALSE
10373,43,44,3.5952,TRUE
10374,27,53,0.5136,TRUE
10375,28,36,4.14732,TRUE
10376,20,38,2.58084,TRUE
10377,46,122,5.87858,TRUE
10378,42,85,15.79106,FALSE
10379,24,32,4.3656,FALSE
10380,20,21,1.1984,FALSE
10381,24,28,5.14242,FALSE
10382,32,17,1.4552,FALSE
10383,22,37,2.5466,FALSE
10384,21,37,2.1721,TRUE
10385,24,38,0.5136,TRUE
10386,42,25,3.49569,TRUE
10387,39,164,14.0598,TRUE
10388,28,29,1.55792,TRUE
10389,41,35,8.98586,FALSE
10390,23,28,2.83122,TRUE
10391,37,45,7.597,FALSE
10392,47,39,8.05175,TRUE
10393,48,228,42.70263,TRUE
10394,21,47,3.70755,FALSE
10395,32,104,1.58895,TRUE
10396,62,20,2.9425,TRUE
10397,33,43,1.66706,TRUE
10398,49,29,2.29408,TRUE
10399,27,40,3.09016,FALSE
10400,34,64,5.35214,TRUE
10401,28,36,5.49338,TRUE
10402,55,55,14.3166,TRUE
10403,43,53,2.1721,TRUE
10404,43,68,12.198,TRUE
10405,63,68,10.83375,FALSE
10406,41,29,1.84896,TRUE
10407,30,33,2.25556,TRUE
10408,30,70,5.66351,TRUE
10409,28,35,1.80081,TRUE
10410,40,34,7.28456,TRUE
10411,22,58,10.06335,FALSE
10412,27,29,4.494,TRUE
10413,51,349,46.01856,FALSE
10414,40,96,3.79743,FALSE
10415,38,49,5.95134,TRUE
10416,39,54,6.9443,FALSE
10417,39,129,13.95066,TRUE
10418,58,206,72.62411,FALSE
10419,41,40,3.0495,TRUE
10420,22,21,4.3442,TRUE
10421,32,65,1.72484,TRUE
10422,47,65,11.86416,TRUE
10423,36,56,5.3072,FALSE
10424,24,26,0.66875,TRUE
10425,36,29,1.16416,TRUE
10426,20,39,1.1877,TRUE
10427,23,38,1.27116,TRUE
10428,45,61,13.19096,FALSE
10429,38,70,5.87858,TRUE
10430,43,33,0.5136,TRUE
10431,20,53,0.963,TRUE
10432,34,74,2.3968,FALSE
10433,21,34,2.9104,TRUE
10434,21,27,1.1128,FALSE
10435,23,33,2.52092,TRUE
10436,24,47,5.15205,FALSE
10437,56,35,4.59458,TRUE
10438,30,72,4.94661,TRUE
10439,36,35,2.25984,TRUE
10440,19,26,1.6585,FALSE
10441,24,49,7.34234,FALSE
10442,37,65,5.6389,FALSE
10443,32,28,1.79118,TRUE
10444,38,124,14.14112,FALSE
10445,19,29,0.71904,FALSE
10446,27,32,13.0647,FALSE
10447,19,35,2.89542,FALSE
10448,33,49,13.52801,TRUE
10449,35,48,1.87036,TRUE
10450,21,21,4.0232,FALSE
10451,23,38,4.12164,FALSE
10452,23,47,5.34465,TRUE
10453,23,25,1.12992,TRUE
10454,27,108,15.76003,FALSE
10455,36,101,5.54688,TRUE
10456,32,44,6.87582,TRUE
10457,36,48,13.32685,FALSE
10458,22,45,6.48741,FALSE
10459,21,29,5.3928,FALSE
10460,19,21,3.103,TRUE
10461,48,117,3.72681,TRUE
10462,64,84,9.15492,TRUE
10463,27,51,2.30692,TRUE
10464,39,108,23.04673,FALSE
10465,40,36,1.41882,TRUE
10466,33,47,0.5136,TRUE
10467,25,37,0.5136,FALSE
10468,40,285,15.79106,TRUE
10469,56,635,44.12787,TRUE
10470,47,366,21.99171,TRUE
10471,35,42,0.5136,TRUE
10472,27,41,0.8346,TRUE
10473,36,48,2.7071,TRUE
10474,49,60,6.77952,TRUE
10475,55,23,8.8275,FALSE
10476,40,83,4.67376,FALSE
10477,23,17,1.67776,FALSE
10478,20,22,1.59537,TRUE
10479,21,27,2.47598,TRUE
10480,37,46,0.5136,TRUE
10481,25,29,1.1984,TRUE
10482,32,35,2.61294,TRUE
10483,22,30,7.4472,TRUE
10484,41,74,3.55347,TRUE
10485,40,69,0.84744,TRUE
10486,22,39,3.36515,TRUE
10487,41,38,16.53792,FALSE
10488,36,128,16.5957,TRUE
10489,23,78,5.9385,FALSE
10490,51,432,11.68975,TRUE
10491,39,43,1.27223,TRUE
10492,30,44,4.17942,TRUE
10493,39,102,8.61457,TRUE
10494,21,22,4.02213,FALSE
10495,32,21,2.0758,FALSE
10496,27,38,6.89508,FALSE
10497,19,49,1.81044,TRUE
10498,33,28,1.21338,TRUE
10499,40,45,8.54609,FALSE
10500,20,25,3.21,FALSE
10501,70,25,3.17576,TRUE
10502,39,87,13.23269,FALSE
10503,37,129,8.02821,TRUE
10504,25,67,8.9024,FALSE
10505,33,45,3.63479,TRUE
10506,54,158,51.94422,FALSE
10507,19,28,1.18449,FALSE
10508,30,37,7.90195,FALSE
10509,40,26,8.37275,FALSE
10510,28,27,0.5564,FALSE
10511,45,32,1.1235,TRUE
10512,25,24,3.64228,FALSE
10513,28,38,6.24024,FALSE
10514,27,27,4.0339,TRUE
10515,34,39,1.22729,FALSE
10516,48,46,2.23737,TRUE
10517,20,18,2.56479,FALSE
10518,19,20,1.30112,FALSE
10519,20,22,1.77513,FALSE
10520,46,87,22.0848,TRUE
10521,32,42,7.2332,FALSE
10522,57,55,8.81145,TRUE
10523,32,77,23.27678,FALSE
10524,28,45,2.07045,TRUE
10525,38,42,6.44782,TRUE
10526,25,46,6.3558,FALSE
10527,21,24,5.80796,FALSE
10528,29,21,1.3268,TRUE
10529,26,24,1.2305,TRUE
10530,25,51,2.6215,FALSE
10531,38,80,4.63524,TRUE
10532,40,45,11.77,TRUE
10533,24,47,7.6077,TRUE
10534,34,27,0.91806,TRUE
10535,34,56,8.44979,FALSE
10536,37,80,5.6924,TRUE
10537,32,36,5.20234,FALSE
10538,32,38,3.69792,FALSE
10539,33,27,1.8083,TRUE
10540,24,17,2.94464,FALSE
10541,42,55,6.78808,TRUE
10542,54,280,22.08052,TRUE
10543,41,194,13.8565,FALSE
10544,30,58,15.94835,FALSE
10545,27,20,0.77254,TRUE
10546,36,28,1.84896,TRUE
10547,32,37,2.13465,TRUE
10548,24,30,2.91682,FALSE
10549,23,80,6.26164,TRUE
10550,28,48,0.93518,FALSE
10551,32,74,5.1681,FALSE
10552,24,23,2.1186,TRUE
10553,38,31,2.21918,TRUE
10554,30,58,9.1806,FALSE
10555,43,60,1.20054,TRUE
10556,36,32,1.8297,TRUE
10557,33,54,6.76668,FALSE
10558,37,56,10.7749,TRUE
10559,20,22,2.6964,TRUE
10560,32,42,4.8792,FALSE
10561,26,37,0.5136,TRUE
10562,40,42,3.7664,TRUE
10563,19,36,1.01864,TRUE
10564,48,56,8.88956,FALSE
10565,33,63,17.5266,FALSE
10566,40,288,6.74314,FALSE
10567,20,22,0.56175,TRUE
10568,21,19,0.5136,TRUE
10569,22,23,2.16568,FALSE
10570,20,18,1.00045,TRUE
10571,24,44,5.48268,TRUE
10572,59,44,3.95472,TRUE
10573,41,80,9.03936,TRUE
10574,22,23,0.5136,TRUE
10575,49,61,7.52745,TRUE
10576,23,25,2.0544,FALSE
10577,21,24,3.49462,FALSE
10578,37,53,8.12986,TRUE
10579,38,75,5.24193,TRUE
10580,35,83,9.12924,TRUE
10581,24,36,1.20054,TRUE
10582,42,108,7.13048,FALSE
10583,22,16,0.97905,FALSE
10584,29,65,23.08632,FALSE
10585,41,72,4.4298,TRUE
10586,49,63,8.8596,TRUE
10587,68,51,4.67376,TRUE
10588,33,72,0.5136,TRUE
10589,50,208,12.00647,TRUE
10590,21,19,3.35124,TRUE
10591,41,44,6.83088,TRUE
10592,39,58,4.708,TRUE
10593,21,43,1.88641,TRUE
10594,52,135,15.943,TRUE
10595,45,106,9.51444,TRUE
10596,35,29,0.5136,TRUE
10597,38,46,3.48392,TRUE
10598,22,30,1.76871,TRUE
10599,39,127,17.60792,TRUE
10600,28,25,1.56648,FALSE
10601,29,118,11.86416,TRUE
10602,28,42,5.6496,TRUE
10603,34,39,1.62319,FALSE
10604,29,35,7.23855,FALSE
10605,25,37,4.53145,FALSE
10606,21,46,1.83612,TRUE
10607,41,49,8.29785,TRUE
10608,40,152,28.70275,TRUE
10609,59,320,9.416,TRUE
10610,51,195,31.97695,TRUE
10611,19,60,1.89069,FALSE
10612,21,19,1.8297,TRUE
10613,56,25,3.81348,TRUE
10614,41,118,25.40608,FALSE
10615,30,107,10.69572,FALSE
10616,32,48,1.91958,TRUE
10617,47,110,3.10728,TRUE
10618,44,296,36.97492,FALSE
10619,21,44,1.39314,FALSE
10620,36,35,2.64825,FALSE
10621,62,249,20.5226,TRUE
10622,43,46,7.74894,TRUE
10623,39,30,2.88579,TRUE
10624,38,37,0.5136,TRUE
10625,32,112,10.18961,FALSE
10626,25,22,3.07839,TRUE
10627,25,51,7.13048,FALSE
10628,33,36,1.52796,FALSE
10629,37,81,8.76116,TRUE
10630,20,26,6.60725,FALSE
10631,21,24,0.5136,TRUE
10632,32,68,6.3986,TRUE
10633,38,65,14.86872,TRUE
10634,28,36,0.5136,TRUE
10635,25,40,0.65056,TRUE
10636,40,75,5.01402,TRUE
10637,25,30,4.22008,TRUE
10638,44,73,3.1672,TRUE
10639,45,70,1.6478,TRUE
10640,19,30,8.03677,FALSE
10641,58,25,0.69336,TRUE
10642,20,23,2.56586,TRUE
10643,45,33,9.09072,FALSE
10644,30,27,1.83612,FALSE
10645,29,67,6.43712,FALSE
10646,28,34,2.29408,FALSE
10647,25,42,3.6808,TRUE
10648,24,40,4.96052,FALSE
10649,39,27,0.9951,TRUE
10650,30,54,6.82125,TRUE
10651,55,297,16.09494,TRUE
10652,23,21,1.391,FALSE
10653,25,36,0.87312,TRUE
10654,32,68,6.1204,TRUE
10655,39,60,6.58692,FALSE
10656,28,38,5.66244,FALSE
10657,23,30,1.14811,TRUE
10658,29,81,0.5136,TRUE
10659,33,43,0.8774,TRUE
10660,40,62,10.84124,TRUE
10661,63,76,18.15576,TRUE
10662,27,44,4.76364,FALSE
10663,46,87,17.25696,FALSE
10664,21,81,7.90944,FALSE
10665,25,45,3.35873,TRUE
10666,48,54,0.5136,TRUE
10667,30,29,1.40812,FALSE
10668,47,335,83.87088,FALSE
10669,29,21,4.5154,TRUE
10670,37,168,23.112,FALSE
10671,21,28,2.97567,FALSE
10672,28,38,1.57932,TRUE
10673,36,48,11.0745,TRUE
10674,42,76,8.89812,TRUE
10675,38,106,7.24069,FALSE
10676,46,39,1.51833,TRUE
10677,41,55,10.96108,TRUE
10678,35,25,7.11336,FALSE
10679,59,210,22.98681,TRUE
10680,37,276,13.78909,FALSE
10681,37,205,42.07668,FALSE
10682,24,35,0.60027,TRUE
10683,24,24,5.98023,FALSE
10684,36,126,8.2176,FALSE
10685,19,32,6.3558,FALSE
10686,30,27,2.16996,TRUE
10687,40,214,42.5646,FALSE
10688,34,46,6.44996,TRUE
10689,36,61,12.34994,TRUE
10690,39,70,9.60646,TRUE
10691,39,56,8.79005,TRUE
10692,39,32,1.4766,TRUE
10693,41,48,3.23247,TRUE
10694,44,52,7.37979,TRUE
10695,38,58,3.4133,TRUE
10696,27,44,0.6741,FALSE
10697,55,155,14.552,TRUE
10698,39,33,3.18432,TRUE
10699,28,22,3.23568,TRUE
10700,27,48,4.82356,TRUE
10701,34,36,3.89266,TRUE
10702,24,17,1.33536,TRUE
10703,53,49,2.42676,TRUE
10704,36,27,0.52858,TRUE
10705,32,18,0.89131,FALSE
10706,26,55,4.28428,TRUE
10707,25,25,2.74776,TRUE
10708,36,42,7.5328,FALSE
10709,58,22,1.6692,TRUE
10710,30,36,6.9122,FALSE
10711,22,30,0.5136,TRUE
10712,45,22,4.03176,TRUE
10713,26,30,4.87171,FALSE
10714,28,21,2.8248,TRUE
10715,26,43,8.07208,TRUE
10716,28,43,2.10576,FALSE
10717,27,33,1.82435,TRUE
10718,45,45,0.89131,TRUE
10719,37,35,12.14343,FALSE
10720,32,58,3.23675,TRUE
10721,39,45,2.57656,TRUE
10722,36,65,5.3072,TRUE
10723,45,95,5.34144,TRUE
10724,29,61,7.81956,FALSE
10725,20,21,0.6634,FALSE
10726,26,33,1.29363,FALSE
10727,19,16,1.9581,TRUE
10728,25,34,1.91744,FALSE
10729,32,27,4.11736,FALSE
10730,38,58,11.5346,FALSE
10731,34,40,1.50442,FALSE
10732,37,85,7.0406,TRUE
10733,43,172,6.47136,TRUE
10734,52,71,4.84068,TRUE
10735,27,36,6.9122,FALSE
10736,36,68,10.0152,FALSE
10737,35,67,7.25888,TRUE
10738,48,88,23.14517,FALSE
10739,55,83,4.18691,TRUE
10740,19,15,0.64414,TRUE
10741,22,19,2.33046,TRUE
10742,29,55,12.29644,FALSE
10743,36,51,1.62533,TRUE
10744,21,17,0.80464,TRUE
10745,36,57,6.12468,TRUE
10746,23,15,0.5136,TRUE
10747,36,32,7.8003,TRUE
10748,19,19,2.52306,FALSE
10749,37,58,0.5136,TRUE
10750,42,61,2.43746,TRUE
10751,22,21,0.5136,TRUE
10752,46,43,11.41583,TRUE
10753,28,26,6.12575,FALSE
10754,37,32,6.8373,TRUE
10755,23,27,1.6692,TRUE
10756,59,130,16.98411,TRUE
10757,39,25,6.12468,FALSE
10758,24,24,4.4298,FALSE
10759,60,138,14.6376,TRUE
10760,26,50,4.21152,FALSE
10761,37,88,3.05592,TRUE
10762,20,21,2.7392,TRUE
10763,26,21,1.4766,FALSE
10764,24,65,1.9902,FALSE
10765,24,42,9.0736,FALSE
10766,45,77,4.09275,TRUE
10767,41,54,6.69178,TRUE
10768,41,41,1.39635,TRUE
10769,34,33,1.72484,TRUE
10770,29,63,0.5136,TRUE
10771,40,119,9.8119,TRUE
10772,45,127,14.8302,TRUE
10773,20,20,0.89452,TRUE
10774,36,25,2.41392,FALSE
10775,46,31,2.61936,TRUE
10776,29,26,9.309,FALSE
10777,46,465,35.6096,TRUE
10778,25,66,18.13329,FALSE
10779,37,79,4.09596,TRUE
10780,24,37,5.6175,FALSE
10781,35,20,3.49676,FALSE
10782,38,160,10.54592,TRUE
10783,21,17,0.5992,FALSE
10784,28,27,0.72332,TRUE
10785,36,30,3.59948,FALSE
10786,21,36,4.69302,FALSE
10787,60,49,9.12924,TRUE
10788,20,21,2.7178,TRUE
10789,35,83,20.03361,FALSE
10790,23,18,4.62026,FALSE
10791,36,39,10.99639,FALSE
10792,50,66,14.91901,TRUE
10793,26,16,1.42845,FALSE
10794,24,32,2.2149,TRUE
10795,39,236,2.64825,TRUE
10796,19,22,1.48302,FALSE
10797,24,23,0.89452,TRUE
10798,28,58,6.88545,FALSE
10799,38,18,3.2742,FALSE
10800,33,24,1.91958,TRUE
10801,35,36,4.62026,FALSE
10802,53,120,3.38976,TRUE
10803,53,125,5.75874,TRUE
10804,44,46,2.34651,TRUE
10805,27,58,6.4735,FALSE
10806,29,19,2.29194,FALSE
10807,23,22,2.0223,TRUE
10808,19,19,1.5408,TRUE
10809,52,55,1.50121,TRUE
10810,20,25,3.15864,FALSE
10811,33,38,8.62848,TRUE
10812,19,19,1.5408,FALSE
10813,24,19,0.7704,TRUE
10814,20,15,1.22836,FALSE
10815,30,74,12.3585,FALSE
10816,30,41,4.84068,FALSE
10817,26,25,0.7704,TRUE
10818,19,25,0.5136,FALSE
10819,36,79,1.11708,TRUE
10820,33,38,1.81044,TRUE
10821,47,76,2.78628,TRUE
10822,39,41,11.22537,FALSE
10823,36,76,5.57256,TRUE
10824,19,18,2.16461,FALSE
10825,41,63,2.36256,TRUE
10826,36,55,7.17756,TRUE
10827,20,22,2.83122,FALSE
10828,26,28,4.88241,TRUE
10829,48,200,30.3666,TRUE
10830,32,41,4.84068,TRUE
10831,45,162,36.94924,TRUE
10832,22,24,0.86135,TRUE
10833,36,19,8.22402,FALSE
10834,19,24,2.83015,FALSE
10835,19,16,1.284,TRUE
10836,36,53,2.8355,TRUE
10837,35,28,5.95134,TRUE
10838,41,50,7.82705,TRUE
10839,36,101,11.40192,TRUE
10840,45,33,3.81348,TRUE
10841,28,33,1.22729,TRUE
10842,47,70,23.56354,TRUE
10843,24,32,5.8422,FALSE
10844,41,48,5.56186,TRUE
10845,21,29,2.93608,TRUE
10846,27,24,2.68249,FALSE
10847,56,113,30.5164,FALSE
10848,41,28,0.5136,TRUE
10849,27,49,10.91293,FALSE
10850,37,69,2.33046,TRUE
10851,42,124,7.13048,FALSE
10852,43,55,4.89525,TRUE
10853,51,35,7.60342,FALSE
10854,22,35,3.21321,FALSE
10855,30,35,2.04798,TRUE
10856,29,56,3.23247,FALSE
10857,29,64,10.50847,FALSE
10858,32,32,3.4668,TRUE
10859,21,23,2.37754,FALSE
10860,25,30,2.97888,FALSE
10861,30,77,19.60561,FALSE
10862,20,16,1.52475,FALSE
10863,57,189,36.94496,FALSE
10864,41,95,6.5484,TRUE
10865,23,32,1.0914,TRUE
10866,32,36,4.22008,TRUE
10867,25,25,4.6224,FALSE
10868,26,69,2.96604,FALSE
10869,23,41,1.96131,TRUE
10870,37,38,5.12316,TRUE
10871,46,146,2.41178,TRUE
10872,59,52,3.78138,TRUE
10873,40,202,59.37216,FALSE
10874,29,25,6.31728,FALSE
10875,32,28,3.06234,TRUE
10876,23,48,4.23292,FALSE
10877,20,29,2.247,FALSE
10878,44,60,3.10728,TRUE
10879,19,17,1.42096,FALSE
10880,30,41,4.29819,FALSE
10881,39,39,6.41358,TRUE
10882,24,77,0.54677,TRUE
10883,28,43,2.67607,FALSE
10884,40,66,8.22402,TRUE
10885,41,47,12.0375,TRUE
10886,29,50,12.48048,FALSE
10887,49,32,2.3968,TRUE
10888,41,103,1.67776,TRUE
10889,20,27,4.78504,FALSE
10890,65,21,2.48561,TRUE
10891,25,22,0.85386,TRUE
10892,29,21,1.926,TRUE
10893,22,16,1.17165,TRUE
10894,38,44,1.39314,TRUE
10895,38,33,6.9657,TRUE
10896,24,21,1.7976,FALSE
10897,29,26,5.029,FALSE
10898,27,33,1.02827,FALSE
10899,38,47,1.58895,TRUE
10900,34,58,6.2381,FALSE
10901,25,59,5.57256,FALSE
10902,20,58,4.64915,TRUE
10903,29,23,1.45948,FALSE
10904,36,29,6.36864,FALSE
10905,35,127,19.54997,FALSE
10906,36,24,1.67348,FALSE
10907,20,32,1.284,TRUE
10908,40,97,14.8837,TRUE
10909,30,38,3.58236,FALSE
10910,59,29,3.38976,TRUE
10911,41,54,5.61857,TRUE
10912,35,83,10.65078,FALSE
10913,34,36,4.51112,TRUE
10914,34,70,6.02196,TRUE
10915,24,36,3.34696,FALSE
10916,26,63,5.3928,TRUE
10917,23,24,1.52582,FALSE
10918,28,21,3.0602,TRUE
10919,39,85,20.01542,FALSE
10920,48,226,15.45294,TRUE
10921,25,23,1.31824,TRUE
10922,39,56,16.05428,FALSE
10923,26,35,4.66092,FALSE
10924,27,25,8.2176,FALSE
10925,19,36,5.92994,FALSE
10926,42,52,2.86653,TRUE
10927,42,145,26.536,FALSE
10928,47,79,10.51917,TRUE
10929,37,57,6.3558,TRUE
10930,24,66,11.32488,FALSE
10931,35,35,2.43639,FALSE
10932,19,29,2.42676,FALSE
10933,33,39,2.25663,TRUE
10934,32,65,9.81832,FALSE
10935,24,34,1.0272,TRUE
10936,38,45,5.136,TRUE
10937,22,22,1.41561,FALSE
10938,37,58,6.0027,TRUE
10939,27,49,3.11798,TRUE
10940,68,418,96.4712,FALSE
10941,23,34,1.26688,FALSE
10942,20,22,1.25832,TRUE
10943,29,23,2.7071,TRUE
10944,23,47,6.5484,TRUE
10945,32,47,4.815,TRUE
10946,25,56,9.13031,FALSE
10947,21,35,3.31914,FALSE
10948,40,56,2.94892,TRUE
10949,21,23,1.20054,FALSE
10950,29,60,7.56276,FALSE
10951,24,26,1.1235,TRUE
10952,22,23,2.0009,TRUE
10953,24,29,0.92876,TRUE
10954,20,23,1.93028,TRUE
10955,27,35,0.95337,TRUE
10956,20,24,4.52824,FALSE
10957,25,39,2.25663,TRUE
10958,20,35,2.64825,TRUE
10959,36,36,11.67798,FALSE
10960,27,33,4.07991,FALSE
10961,57,94,13.55583,TRUE
10962,33,32,0.6099,TRUE
10963,23,29,2.42676,FALSE
10964,36,43,3.29025,FALSE
10965,41,78,8.92594,TRUE
10966,23,33,3.35017,FALSE
10967,22,46,2.96604,TRUE
10968,59,38,0.71904,TRUE
10969,25,18,1.67348,TRUE
10970,26,37,0.5243,FALSE
10971,34,59,7.90944,FALSE
10972,22,38,5.43132,FALSE
10973,24,36,6.1846,FALSE
10974,36,109,13.0968,TRUE
10975,40,45,1.498,TRUE
10976,41,79,4.494,TRUE
10977,27,19,2.48454,FALSE
10978,26,21,0.535,TRUE
10979,29,42,4.1944,FALSE
10980,39,115,4.0767,TRUE
10981,29,118,4.07456,TRUE
10982,36,30,8.22723,FALSE
10983,33,27,0.89024,TRUE
10984,30,39,2.65253,TRUE
10985,49,95,15.2796,TRUE
10986,38,45,3.82739,FALSE
10987,41,99,30.37516,FALSE
10988,38,106,14.15717,FALSE
10989,50,83,6.42642,TRUE
10990,22,16,0.65805,TRUE
10991,45,25,2.06724,TRUE
10992,45,165,4.45441,TRUE
10993,23,58,16.1249,FALSE
10994,35,35,1.80081,TRUE
10995,41,82,3.42186,TRUE
10996,27,69,2.8248,TRUE
10997,24,50,9.2448,FALSE
10998,20,33,3.51602,FALSE
10999,34,35,8.68626,FALSE
11000,20,20,1.09782,FALSE
11001,35,23,3.43684,TRUE
11002,50,80,12.14664,TRUE
11003,22,32,0.9951,TRUE
11004,43,35,2.79591,TRUE
11005,25,34,3.7664,TRUE
11006,26,38,1.04004,TRUE
11007,36,61,17.62504,FALSE
11008,61,53,7.07484,TRUE
11009,46,59,12.58855,TRUE
11010,41,91,8.025,TRUE
11011,25,70,6.38041,FALSE
11012,42,90,3.38976,TRUE
11013,48,45,8.3995,TRUE
11014,29,184,36.3265,FALSE
11015,22,21,0.856,TRUE
11016,29,49,6.08509,FALSE
11017,46,131,7.54992,TRUE
11018,28,40,3.33412,TRUE
11019,19,16,1.3482,FALSE
11020,56,78,5.79726,TRUE
11021,32,37,6.02945,FALSE
11022,20,22,1.82007,TRUE
11023,69,48,3.51602,TRUE
11024,23,20,1.50442,FALSE
11025,27,45,2.39252,TRUE
11026,19,32,2.8569,FALSE
11027,32,24,1.59965,FALSE
11028,38,53,0.5136,TRUE
11029,32,38,1.81044,TRUE
11030,38,60,6.14394,TRUE
11031,19,32,1.2198,TRUE
11032,29,49,8.90133,FALSE
11033,44,178,22.0206,FALSE
11034,38,29,2.46528,FALSE
11035,35,66,11.25747,TRUE
11036,27,37,2.6215,TRUE
11037,25,26,1.52475,FALSE
11038,41,88,3.05592,TRUE
11039,20,21,5.5426,FALSE
11040,19,28,1.76229,TRUE
11041,24,49,6.18567,FALSE
11042,24,27,1.47446,FALSE
11043,32,27,2.2256,TRUE
11044,54,40,7.81528,FALSE
11045,39,38,6.20172,FALSE
11046,37,98,4.67697,TRUE
11047,24,18,3.87447,FALSE
11048,47,44,2.77344,TRUE
11049,20,27,3.97826,FALSE
11050,64,136,21.3465,TRUE
11051,32,114,9.09714,TRUE
11052,36,65,5.62392,TRUE
11053,24,41,6.92718,TRUE
11054,27,25,2.02872,TRUE
11055,35,50,1.90032,TRUE
11056,50,54,13.8886,FALSE
11057,42,36,1.926,TRUE
11058,34,28,0.52002,TRUE
11059,19,37,4.60635,TRUE
11060,19,28,2.71566,FALSE
11061,24,35,1.02399,TRUE
11062,37,51,2.87616,TRUE
11063,23,22,2.65146,TRUE
11064,35,75,11.09162,TRUE
11065,25,134,12.18944,FALSE
11066,24,29,0.5136,TRUE
11067,39,43,6.31728,TRUE
11068,39,24,3.58878,TRUE
11069,33,47,6.30765,FALSE
11070,21,29,2.57656,TRUE
11071,25,27,3.64442,TRUE
11072,29,24,1.20589,FALSE
11073,48,42,5.56186,FALSE
11074,27,66,8.02179,FALSE
11075,22,25,1.07856,TRUE
11076,23,30,4.90274,FALSE
11077,40,59,4.0339,TRUE
11078,30,28,1.82007,TRUE
11079,29,33,4.27893,FALSE
11080,37,51,4.37416,TRUE
11081,58,132,10.2399,TRUE
11082,40,14,2.6643,TRUE
11083,22,24,2.33795,TRUE
11084,45,80,1.31824,TRUE
11085,19,21,4.066,FALSE
11086,30,42,5.35,FALSE
11087,40,29,0.5136,FALSE
11088,32,68,9.3197,FALSE
11089,28,30,2.01695,TRUE
11090,29,47,2.889,TRUE
11091,28,33,2.08971,TRUE
11092,61,80,5.93208,TRUE
11093,38,37,3.03345,TRUE
11094,32,40,4.83854,TRUE
11095,30,60,2.62257,TRUE
11096,19,21,3.5738,FALSE
11097,42,44,1.38672,TRUE
11098,40,25,4.31424,FALSE
11099,24,34,2.70496,TRUE
11100,37,173,3.8627,TRUE
11101,54,84,7.383,TRUE
11102,58,243,37.71108,TRUE
11103,34,75,14.81415,FALSE
11104,34,39,1.22729,TRUE
11105,23,29,5.93208,FALSE
11106,22,16,1.8939,FALSE
11107,60,64,2.0972,TRUE
11108,19,23,1.03576,FALSE
11109,36,48,0.68052,TRUE
11110,22,28,0.66447,TRUE
11111,37,28,0.5136,TRUE
11112,19,20,3.02917,FALSE
11113,28,40,3.94402,FALSE
11114,49,85,13.63287,FALSE
11115,53,28,1.09461,TRUE
11116,39,35,2.4396,TRUE
11117,38,45,7.70721,TRUE
11118,27,27,0.91806,TRUE
11119,33,49,12.37134,FALSE
11120,19,23,2.40108,FALSE
11121,35,143,14.69752,FALSE
11122,42,31,1.41882,TRUE
11123,37,85,5.89356,TRUE
11124,62,140,10.21636,TRUE
11125,25,47,3.22605,TRUE
11126,42,53,4.71656,TRUE
11127,40,90,2.20848,TRUE
11128,39,56,14.52846,FALSE
11129,21,28,0.5136,FALSE
11130,24,25,6.90792,FALSE
11131,41,37,6.49276,TRUE
11132,39,30,1.33429,TRUE
11133,46,259,50.6217,TRUE
11134,19,33,3.01847,FALSE
11135,35,69,2.18922,TRUE
11136,39,65,15.85526,FALSE
11137,54,76,14.3808,TRUE
11138,52,156,16.93168,TRUE
11139,20,41,1.83612,TRUE
11140,40,54,11.55279,FALSE
11141,34,37,6.77845,FALSE
11142,40,39,7.56169,FALSE
11143,20,18,2.25556,FALSE
11144,22,37,8.50115,FALSE
11145,29,45,10.76634,FALSE
11146,20,32,7.8003,FALSE
11147,44,25,0.77896,TRUE
11148,42,86,15.6541,TRUE
11149,32,34,0.5136,TRUE
11150,47,114,20.99875,TRUE
11151,35,38,6.9336,TRUE
11152,38,54,7.20324,TRUE
11153,65,54,15.40372,TRUE
11154,36,79,5.39922,TRUE
11155,34,91,9.68136,TRUE
11156,34,79,5.69775,TRUE
11157,26,17,0.7704,TRUE
11158,38,105,21.293,FALSE
11159,23,19,0.6741,TRUE
11160,37,45,6.85549,TRUE
11161,27,24,2.01802,TRUE
11162,46,43,1.10638,TRUE
11163,21,33,6.07011,FALSE
11164,41,59,6.53128,FALSE
11165,35,43,0.92127,TRUE
11166,26,19,3.13938,FALSE
11167,39,45,3.1458,TRUE
11168,35,48,7.72754,TRUE
11169,38,61,10.67432,TRUE
11170,35,37,1.9474,TRUE
11171,26,19,2.42676,FALSE
11172,36,31,8.47654,TRUE
11173,37,69,14.6376,FALSE
11174,29,21,2.9104,TRUE
11175,20,21,0.5136,TRUE
11176,26,28,2.19564,TRUE
11177,42,34,12.51044,FALSE
11178,39,65,3.19074,TRUE
11179,52,55,1.04432,TRUE
11180,64,20,4.68446,TRUE
11181,34,42,2.6536,TRUE
11182,19,23,0.80036,FALSE
11183,24,44,0.58422,TRUE
11184,38,60,2.56158,FALSE
11185,21,28,1.47339,TRUE
11186,30,26,3.21,FALSE
11187,23,32,3.6915,FALSE
11188,37,79,3.44433,TRUE
11189,27,23,1.57718,TRUE
11190,36,19,1.19091,TRUE
11191,42,101,6.88866,TRUE
11192,38,22,3.87768,TRUE
11193,21,22,3.39297,FALSE
11194,23,54,4.74759,FALSE
11195,21,14,0.5136,TRUE
11196,25,38,5.0076,FALSE
11197,65,212,71.80128,TRUE
11198,46,75,12.81004,TRUE
11199,52,981,16.16342,TRUE
11200,35,27,3.56096,TRUE
11201,44,47,7.28884,TRUE
11202,36,27,0.963,TRUE
11203,27,24,0.61525,TRUE
11204,32,26,1.52475,TRUE
11205,41,38,2.889,FALSE
11206,40,35,3.71397,FALSE
11207,36,117,16.42557,TRUE
11208,55,26,1.02399,TRUE
11209,43,45,9.64712,TRUE
11210,37,115,24.73198,TRUE
11211,23,28,1.18449,TRUE
11212,38,59,10.1543,TRUE
11213,38,106,29.16927,FALSE
11214,20,29,0.83888,FALSE
11215,54,50,5.885,TRUE
11216,24,26,2.8355,FALSE
11217,58,75,7.46004,TRUE
11218,26,44,6.42642,FALSE
11219,33,43,7.85273,TRUE
11220,34,135,27.46797,FALSE
11221,20,37,3.48285,TRUE
11222,38,14,2.3112,TRUE
11223,20,21,2.5038,FALSE
11224,40,58,9.47485,TRUE
11225,29,34,3.15008,TRUE
11226,25,20,3.31379,FALSE
11227,40,69,3.8841,FALSE
11228,49,45,2.72636,TRUE
11229,21,30,3.63051,FALSE
11230,46,52,11.89305,TRUE
11231,32,27,1.00152,FALSE
11232,27,38,3.62088,TRUE
11233,26,20,1.6264,TRUE
11234,30,27,1.47446,FALSE
11235,45,77,10.7321,TRUE
11236,45,65,3.72253,TRUE
11237,41,41,5.09106,TRUE
11238,30,78,2.85048,TRUE
11239,34,23,3.48392,TRUE
11240,27,25,3.44112,TRUE
11241,30,53,5.243,TRUE
11242,26,45,7.17756,FALSE
11243,35,30,1.67562,TRUE
11244,21,26,1.3375,FALSE
11245,25,24,1.82114,TRUE
11246,22,26,2.6215,FALSE
11247,38,65,2.50701,TRUE
11248,21,39,2.81089,TRUE
11249,36,28,0.79608,FALSE
11250,38,81,9.31007,FALSE
11251,19,19,0.5136,TRUE
11252,63,23,1.89925,TRUE
11253,28,33,1.29363,TRUE
11254,48,109,11.556,TRUE
11255,24,20,0.5136,TRUE
11256,34,23,5.2965,FALSE
11257,27,40,5.40778,TRUE
11258,30,22,1.32573,TRUE
11259,29,26,1.73875,TRUE
11260,55,129,11.69938,TRUE
11261,48,32,0.56175,TRUE
11262,38,113,7.5114,TRUE
11263,62,76,5.48268,TRUE
11264,40,43,7.41403,TRUE
11265,44,121,5.83471,TRUE
11266,70,73,3.3384,TRUE
11267,37,66,1.07856,TRUE
11268,26,71,3.2742,FALSE
11269,30,41,1.33536,TRUE
11270,21,25,0.5136,FALSE
11271,22,18,1.41882,TRUE
11272,19,20,1.4231,FALSE
11273,24,30,4.00287,TRUE
11274,26,30,0.83781,TRUE
11275,38,50,5.35535,TRUE
11276,37,151,4.93056,FALSE
11277,37,43,4.60635,FALSE
11278,40,35,3.70755,TRUE
11279,51,131,12.48048,TRUE
11280,44,139,3.76533,TRUE
11281,29,32,6.5805,TRUE
11282,26,79,8.90775,FALSE
11283,39,49,1.32894,TRUE
11284,21,23,2.354,TRUE
11285,36,58,7.47395,FALSE
11286,26,38,3.92904,FALSE
11287,36,53,8.881,TRUE
11288,24,30,5.18201,FALSE
11289,28,49,2.16247,TRUE
11290,25,29,0.5136,TRUE
11291,21,18,1.90995,TRUE
11292,51,74,10.48707,TRUE
11293,39,76,19.02888,FALSE
11294,44,147,10.74708,TRUE
11295,29,25,0.95016,FALSE
11296,39,66,14.56056,TRUE
11297,36,49,3.5203,TRUE
11298,27,45,4.50898,FALSE
11299,29,35,2.75418,TRUE
11300,29,79,3.45075,TRUE
11301,23,28,1.7334,FALSE
11302,40,99,21.72528,FALSE
11303,21,20,1.19947,FALSE
11304,38,44,1.25832,TRUE
11305,27,93,2.19029,FALSE
11306,35,194,16.82575,TRUE
11307,26,25,1.74624,TRUE
11308,23,59,1.67776,TRUE
11309,26,27,2.86546,TRUE
11310,38,36,6.11184,FALSE
11311,32,22,2.33688,FALSE
11312,22,41,7.72005,FALSE
11313,35,37,2.73385,TRUE
11314,26,30,3.53742,TRUE
11315,64,448,52.22349,FALSE
11316,51,52,1.2198,TRUE
11317,35,36,1.05502,FALSE
11318,28,29,1.40812,TRUE
11319,19,16,0.5136,TRUE
11320,32,29,2.03728,TRUE
11321,39,81,3.42828,TRUE
11322,28,21,2.354,FALSE
11323,34,83,5.15633,FALSE
11324,32,41,5.75874,TRUE
11325,38,53,1.8725,TRUE
11326,34,37,2.1721,TRUE
11327,47,114,0.66875,TRUE
11328,37,30,2.20313,TRUE
11329,36,48,2.80554,TRUE
11330,20,21,1.498,TRUE
11331,27,50,5.75232,FALSE
11332,26,55,2.72636,FALSE
11333,68,71,3.67224,TRUE
11334,25,29,5.72236,FALSE
11335,39,48,5.55758,FALSE
11336,35,39,1.54401,TRUE
11337,55,35,1.30112,TRUE
11338,24,27,3.56096,TRUE
11339,34,33,4.71014,TRUE
11340,26,22,3.23568,FALSE
11341,38,134,27.84033,FALSE
11342,24,32,3.9162,FALSE
11343,26,28,3.66903,FALSE
11344,23,53,0.642,TRUE
11345,20,17,1.12992,TRUE
11346,37,19,0.92448,TRUE
11347,53,46,2.40108,TRUE
11348,40,39,5.22588,FALSE
11349,39,93,2.7285,TRUE
11350,36,62,4.10345,TRUE
11351,29,92,9.98096,TRUE
11352,24,38,9.32184,FALSE
11353,32,21,1.7976,FALSE
11354,22,20,4.20831,FALSE
11355,39,53,0.6955,TRUE
11356,36,32,4.5582,TRUE
11357,30,50,5.54688,TRUE
11358,21,41,6.2595,TRUE
11359,55,71,4.173,TRUE
11360,20,23,0.5136,TRUE
11361,65,24,2.11432,TRUE
11362,35,337,8.58675,FALSE
11363,23,62,1.95703,TRUE
11364,32,29,2.45672,TRUE
11365,23,34,1.30112,TRUE
11366,21,21,3.7664,FALSE
11367,20,20,0.67089,FALSE
11368,29,25,0.5136,TRUE
11369,19,15,0.8239,TRUE
11370,51,37,5.48375,TRUE
11371,34,53,5.243,TRUE
11372,30,22,2.78628,FALSE
11373,42,23,0.8025,TRUE
11374,41,50,3.49248,TRUE
11375,29,32,4.4298,TRUE
11376,39,80,10.24632,TRUE
11377,41,49,4.87813,FALSE
11378,28,32,0.8667,FALSE
11379,26,22,2.247,TRUE
11380,45,85,6.94002,TRUE
11381,25,63,7.1904,TRUE
11382,25,47,2.64825,FALSE
11383,32,61,5.33716,TRUE
11384,23,25,5.11032,FALSE
11385,43,43,9.50481,TRUE
11386,34,55,3.28276,TRUE
11387,37,62,6.98496,TRUE
11388,19,19,1.926,FALSE
11389,39,36,4.94768,TRUE
11390,37,42,4.494,FALSE
11391,38,72,6.12789,TRUE
11392,40,105,17.7192,FALSE
11393,20,26,2.48775,FALSE
11394,25,67,3.01312,TRUE
11395,19,23,2.4717,FALSE
11396,21,14,0.5136,TRUE
11397,40,64,1.76229,TRUE
11398,25,22,1.01115,TRUE
11399,55,115,16.71768,TRUE
11400,19,23,9.13352,TRUE
11401,46,68,6.17925,TRUE
11402,35,40,7.44078,TRUE
11403,36,51,2.6215,TRUE
11404,35,26,3.66475,TRUE
11405,28,34,5.27296,FALSE
11406,39,29,5.42276,TRUE
11407,36,62,5.80796,TRUE
11408,24,37,2.1721,TRUE
11409,30,39,1.70237,TRUE
11410,26,20,0.52858,TRUE
11411,22,46,3.01312,FALSE
11412,27,25,2.9532,TRUE
11413,39,34,1.09568,TRUE
11414,27,20,0.89452,FALSE
11415,37,62,0.88382,TRUE
11416,23,30,6.11291,FALSE
11417,32,27,2.58726,TRUE
11418,56,181,10.00771,TRUE
11419,39,95,15.80176,TRUE
11420,41,52,0.6099,TRUE
11421,22,24,1.67348,FALSE
11422,28,39,5.50301,FALSE
11423,66,35,8.09562,FALSE
11424,37,59,6.65112,FALSE
11425,40,39,1.74196,TRUE
11426,27,23,0.77682,TRUE
11427,30,61,11.29492,FALSE
11428,38,69,4.96052,TRUE
11429,39,40,5.00118,TRUE
11430,56,79,15.08058,TRUE
11431,24,20,1.46376,TRUE
11432,58,361,81.55968,FALSE
11433,41,199,2.3433,TRUE
11434,24,23,3.34268,FALSE
11435,20,21,1.7334,TRUE
11436,36,552,14.63332,TRUE
11437,21,61,1.73768,TRUE
11438,19,30,2.32725,FALSE
11439,39,40,0.85386,TRUE
11440,39,92,10.48279,FALSE
11441,38,39,0.59813,TRUE
11442,24,25,0.5136,TRUE
11443,20,23,1.60072,FALSE
11444,27,16,1.07535,TRUE
11445,36,49,2.65788,TRUE
11446,39,84,14.47068,FALSE
11447,29,37,1.9474,TRUE
11448,25,38,3.2742,FALSE
11449,23,15,1.75266,FALSE
11450,28,26,0.5136,TRUE
11451,35,64,9.72523,FALSE
11452,58,180,14.61834,TRUE
11453,57,117,6.76347,TRUE
11454,33,64,1.3054,TRUE
11455,22,27,1.91958,FALSE
11456,21,25,2.41392,TRUE
11457,21,19,1.02078,TRUE
11458,22,35,2.25984,FALSE
11459,24,32,6.9015,FALSE
11460,42,29,3.7664,TRUE
11461,30,53,6.4735,TRUE
11462,54,485,4.56248,TRUE
11463,22,24,4.06065,FALSE
11464,49,64,7.1155,TRUE
11465,19,39,0.98975,FALSE
11466,37,70,6.17925,TRUE
11467,20,38,2.23416,FALSE
11468,37,49,3.98682,TRUE
11469,32,54,3.38334,TRUE
11470,24,28,4.21794,TRUE
11471,39,37,4.0446,TRUE
11472,35,81,5.10818,FALSE
11473,36,195,22.48926,FALSE
11474,26,32,1.5729,TRUE
11475,22,20,1.32145,TRUE
11476,56,293,9.64712,TRUE
11477,47,50,1.70665,TRUE
11478,48,73,10.272,TRUE
11479,38,130,1.85752,TRUE
11480,36,51,3.93225,TRUE
11481,30,29,1.46804,FALSE
11482,21,48,5.95562,FALSE
11483,21,14,2.47598,TRUE
11484,19,27,2.03086,TRUE
11485,21,22,2.08971,FALSE
11486,20,36,7.02134,FALSE
11487,32,41,0.5136,TRUE
11488,36,62,11.74218,FALSE
11489,37,50,7.1797,TRUE
11490,21,25,4.18584,FALSE
11491,32,29,4.73368,TRUE
11492,26,137,8.0678,FALSE
11493,19,24,2.461,TRUE
11494,28,66,0.6741,TRUE
11495,33,25,3.31272,FALSE
11496,36,87,9.7691,TRUE
11497,39,45,1.65636,TRUE
11498,26,17,0.54784,TRUE
11499,36,43,6.36115,TRUE
11500,28,25,1.48944,TRUE